{
    "2015": {
        "Day7": {
            "timestamps": {
                "input.txt": 1733771113.3446069,
                "test.txt": 1733771113.3446069,
                "part1.py": 1733771113.3446069
            },
            "stars": {
                "part1": 0,
                "part2": 0
            },
            "runtimes": {
                "part1": null,
                "part2": null
            }
        },
        "Day1": {
            "timestamps": {
                "input.txt": 1733771113.3446069,
                "test.txt": 1733771113.3446069,
                "part2.py": 1733771113.3446069,
                "part1.py": 1733771113.3446069
            },
            "stars": {
                "part1": 1,
                "part2": 1
            },
            "runtimes": {
                "part1": 0.00958108901977539,
                "part2": 0.008842229843139648
            }
        },
        "Day2": {
            "timestamps": {
                "input.txt": 1733771113.3446069,
                "test.txt": 1733771113.3446069,
                "part2.py": 1733771113.3446069,
                "part1.py": 1733771113.3446069
            },
            "stars": {
                "part1": 1,
                "part2": 1
            },
            "runtimes": {
                "part1": 0.008938074111938477,
                "part2": 0.008937835693359375
            }
        },
        "Day3": {
            "timestamps": {
                "input.txt": 1733771113.3446069,
                "test.txt": 1733771113.3446069,
                "part2.py": 1733771113.3446069,
                "part1.py": 1733771113.3446069
            },
            "stars": {
                "part1": 1,
                "part2": 1
            },
            "runtimes": {
                "part1": 0.009571313858032227,
                "part2": 0.00988006591796875
            }
        },
        "Day4": {
            "timestamps": {
                "part2.py": 1733771113.3446069,
                "part1.py": 1733771113.3446069
            },
            "stars": {
                "part1": 1,
                "part2": 1
            },
            "runtimes": {
                "part1": 0.1704401969909668,
                "part2": 4.599522829055786
            }
        },
        "Day5": {
            "timestamps": {
                "input.txt": 1733771113.3446069,
                "test.txt": 1733771113.3446069,
                "part2.py": 1733771113.3446069,
                "part1.py": 1733771113.3446069
            },
            "stars": {
                "part1": 1,
                "part2": 1
            },
            "runtimes": {
                "part1": 0.010661840438842773,
                "part2": 0.012229442596435547
            }
        },
        "Day6": {
            "timestamps": {
                "input.txt": 1733771113.3446069,
                "part2.py": 1733771113.3446069,
                "part1.py": 1733771113.3446069
            },
            "stars": {
                "part1": 1,
                "part2": 1
            },
            "runtimes": {
                "part1": 0.9697895050048828,
                "part2": 1.6739232540130615
            }
        }
    },
    "2023": {
        "Day5": {
            "timestamps": {
                "input.txt": 1733771113.3446069,
                "test.txt": 1733771113.3446069,
                "part2.py": 1733771113.3446069,
                "part1.py": 1733771113.3446069
            },
            "stars": {
                "part1": 1,
                "part2": 0
            },
            "runtimes": {
                "part1": 0.011106491088867188,
                "part2": null
            }
        },
        "Day1": {
            "timestamps": {
                "input.txt": 1733771113.3446069,
                "test.txt": 1733771113.3446069,
                "descrambler.py": 1733771113.3446069
            },
            "stars": {
                "part1": 0,
                "part2": 0
            },
            "runtimes": {
                "part1": null,
                "part2": null
            }
        },
        "Day2": {
            "timestamps": {
                "input.txt": 1733771113.3446069,
                "GameCounter.py": 1733771113.3446069,
                "test.txt": 1733771113.3446069
            },
            "stars": {
                "part1": 0,
                "part2": 0
            },
            "runtimes": {
                "part1": null,
                "part2": null
            }
        },
        "Day24": {
            "timestamps": {
                "input.txt": 1733771113.3446069,
                "test.txt": 1733771113.3446069,
                "part2.py": 1733771113.3446069,
                "part1.py": 1733771113.3446069
            },
            "stars": {
                "part1": 1,
                "part2": 1
            },
            "runtimes": {
                "part1": 0.19284820556640625,
                "part2": 0.010233402252197266
            }
        },
        "Day25": {
            "timestamps": {
                "input.txt": 1733771113.3446069,
                "test.txt": 1733771113.3446069,
                "graph.png": 1733771113.3446069,
                "part1.py": 1733818980.2124176
            },
            "stars": {
                "part1": 1,
                "part2": 0
            },
            "runtimes": {
                "part1": 10.05762004852295,
                "part2": null
            }
        },
        "Day3": {
            "timestamps": {
                "input.txt": 1733771113.3446069,
                "code.py": 1733771113.3446069,
                "test.txt": 1733771113.3446069,
                "part2.py": 1733771113.3446069
            },
            "stars": {
                "part1": 0,
                "part2": 0
            },
            "runtimes": {
                "part1": null,
                "part2": null
            }
        },
        "Day4": {
            "timestamps": {
                "input.txt": 1733771113.3446069,
                "test.txt": 1733771113.3446069,
                "part2.py": 1733771113.3446069,
                "part1.py": 1733817448.3726947
            },
            "stars": {
                "part1": 1,
                "part2": 1
            },
            "runtimes": {
                "part1": 0.010224103927612305,
                "part2": 0.010327339172363281
            }
        }
    },
    "2024": {
        "Day9": {
            "timestamps": {
                "input.txt": 1733771113.3446069,
                "test.txt": 1733817448.3726947,
                "part2.py": 1733817487.7126737,
                "part2Old.py": 1733817448.3726947,
                "part1.py": 1733771113.3446069
            },
            "stars": {
                "part1": 1,
                "part2": 1
            },
            "runtimes": {
                "part1": 6.064613580703735,
                "part2": 1.3833644390106201
            }
        },
        "Day1": {
            "timestamps": {
                "input.txt": 1733758966.8498363,
                "test.txt": 1733758966.8498363,
                "part2.py": 1733759581.0897293,
                "part1.py": 1733759574.5397305
            },
            "stars": {
                "part1": 1,
                "part2": 1
            },
            "runtimes": {
                "part1": 0.008441925048828125,
                "part2": 0.012163400650024414
            }
        },
        "Day2": {
            "timestamps": {
                "input.txt": 1733758966.8698363,
                "test.txt": 1733758966.8698363,
                "part2.py": 1733759592.8097272,
                "part1.py": 1733759587.859728,
                "part2NoBruteForceWIP.py": 1733758966.8698363
            },
            "stars": {
                "part1": 1,
                "part2": 1
            },
            "runtimes": {
                "part1": 0.009804010391235352,